"text","label"
"Jalen Brunson is officially a top-five player in the NBA.","hot_take"
"Shai Gilgeous-Alexander is already a better all-around player than prime James Harden.","hot_take"
"Victor Wembanyama will be the clear best player in basketball within two years.","hot_take"
"Nikola Jokic is the greatest offensive player in NBA history.","hot_take"
"Luka Doncic will never reach his full potential unless his conditioning dramatically improves.","hot_take"
"Cooper Flagg will become a top-10 NBA player before he turns 23.","hot_take"
"Anthony Edwards is more entertaining than he is dominant.","hot_take"
"Jayson Tatum has been unfairly criticized for being consistently great instead of flashy.","hot_take"
"Stephen Curry is still more valuable offensively than almost every guard in the league.","hot_take"
"LeBron James could remain an All-Star-level player until he is 42.","hot_take"
"Kevin Durant’s individual greatness has stopped translating into serious championship contention.","hot_take"
"Giannis Antetokounmpo is still the best two-way superstar in basketball.","hot_take"
"Wembanyama will retire as the greatest defensive player in NBA history.","hot_take"
"Jalen Brunson is the greatest Knicks player since Walt Frazier.","hot_take"
"The Knicks are built to win multiple championships, not just one.","hot_take"
"Shai is currently the best guard in the world.","hot_take"
"Jokic should have won at least one more MVP than he currently has.","hot_take"
"Anthony Davis is better than several players who are regularly ranked above him.","hot_take"
"Ja Morant’s reputation has fallen further than his actual basketball ability.","hot_take"
"Devin Booker is one of the most overrated superstars in the league.","hot_take"
"Cade Cunningham will become the best point guard in the Eastern Conference.","hot_take"
"Trae Young could lead a championship offense with the right defensive roster around him.","hot_take"
"Zion Williamson’s superstar window is almost closed.","hot_take"
"Tyrese Haliburton is a system-raising star, but not a true number-one scoring option.","hot_take"
"Jalen Williams will eventually become better than several current franchise players.","hot_take"
"Chet Holmgren is more important to Oklahoma City’s ceiling than most fans realize.","hot_take"
"The Thunder’s dynasty expectations are premature.","hot_take"
"The Celtics’ championship window is much smaller than people think.","hot_take"
"The Spurs will become the NBA’s next dynasty.","hot_take"
"Wembanyama’s only real long-term rival for best player in the world will be Cooper Flagg.","hot_take"
"Paolo Banchero will eventually become a better playoff player than regular-season player.","hot_take"
"LaMelo Ball is closer to an entertaining stat producer than a winning franchise centerpiece.","hot_take"
"Amen Thompson will become the best player from the 2023 draft class besides Wembanyama.","hot_take"
"Evan Mobley will win multiple Defensive Player of the Year awards.","hot_take"
"Donovan Mitchell is good enough to be the best scorer on a championship team.","hot_take"
"Joel Embiid’s championship window has effectively closed.","hot_take"
"The 2020s will be remembered as the deepest era of talent in NBA history.","hot_take"
"Positionless basketball has made traditional point guards more valuable, not less valuable.","hot_take"
"Three-point shooting has made NBA offenses smarter but games less visually interesting.","hot_take"
"The NBA regular season should be reduced to 72 games.","hot_take"
"The play-in tournament rewards mediocrity and should only include the ninth and tenth seeds.","hot_take"
"The Defensive Player of the Year award focuses too much on blocks and reputation.","hot_take"
"Individual defense is becoming underrated because fans rely too heavily on offensive statistics.","hot_take"
"Ring culture has ruined serious basketball discussions.","hot_take"
"A player can be the best in the world without being the league MVP.","hot_take"
"Most superteams fail because fit matters more than the number of All-Stars.","hot_take"
"Role players are more important in the playoffs now than at any other point in NBA history.","hot_take"
"The midrange shot is still essential for becoming an elite playoff scorer.","hot_take"
"The next face of the NBA will be an international player, not an American player.","hot_take"
"The NBA is more talented than ever, but the average fan understands basketball less than ever.","hot_take"
"Jokic is more dangerous as a passer than as a scorer because sending a double-team usually creates a layup or an open three before the defense can rotate.","analysis"
"Shai’s scoring is difficult to scheme against because he changes speed constantly and reaches the paint without relying on a high volume of three-pointers.","analysis"
"Curry’s off-ball movement creates value even when he never touches the ball because defenders cannot help without risking an open three.","analysis"
"Giannis is most effective when Milwaukee surrounds him with shooting because it removes the extra defender who normally waits near the rim.","analysis"
"Luka’s size allows him to control pick-and-roll possessions differently from smaller guards because he can see over traps and punish switches in the post.","analysis"
"Wembanyama changes shot selection before he even contests a shot because drivers often avoid the paint entirely when he is positioned near the rim.","analysis"
"Brunson’s footwork is the foundation of his scoring because his pivots and hesitations force defenders to commit before he chooses his final move.","analysis"
"Tatum’s biggest value is his versatility because he can score, rebound, initiate offense, and defend several positions without forcing Boston to change its lineup.","analysis"
"Anthony Edwards becomes much harder to guard when he attacks immediately because allowing the defense to load up limits the advantage created by his athleticism.","analysis"
"Haliburton’s passing is most effective in transition because he identifies open shooters before the defense has time to match up.","analysis"
"Booker is more than a midrange scorer because his improvement as a pick-and-roll passer forces defenses to respect both his shot and the weak-side corner.","analysis"
"Donovan Mitchell’s playoff offense depends heavily on spacing because smaller guards have fewer passing windows when multiple defenders are positioned in the paint.","analysis"
"Anthony Davis can dominate defensively without recording a block because his positioning forces opponents into floaters and difficult passes.","analysis"
"Embiid’s regular-season offense is built around drawing contact, but playoff defenses are more successful when they stay disciplined and force him to finish over length.","analysis"
"Chet Holmgren fits well next to attacking guards because he can protect the rim defensively while spacing the floor offensively.","analysis"
"Evan Mobley’s defensive versatility gives Cleveland more lineup flexibility because he can protect the rim without becoming an automatic target on switches.","analysis"
"Amen Thompson creates offensive value without elite shooting because his cutting, rebounding, and transition speed punish defenses that stop paying attention to him.","analysis"
"Cade Cunningham is most effective when surrounded by quick decision-makers because defenses already send extra attention toward him in the middle of the floor.","analysis"
"Trae Young can lead an elite offense, but the roster around him needs size and defensive versatility to compensate for the matchups opponents target.","analysis"
"Ja Morant’s rim pressure creates open shots for teammates because help defenders must collapse earlier against his speed and jumping ability.","analysis"
"Boston’s spacing is difficult to defend because every player on the floor can punish a late rotation with either a three or a drive.","analysis"
"Oklahoma City’s defense creates turnovers by combining strong point-of-attack pressure with defenders who aggressively help in passing lanes.","analysis"
"Denver’s offense becomes much less organized when Jokic rests because its system depends on his ability to connect every action together.","analysis"
"The Knicks generate extra possessions through offensive rebounding, which is especially valuable when their half-court shooting becomes inconsistent.","analysis"
"Minnesota’s size can disrupt perimeter stars because its defenders are long enough to contest shots without giving up easy driving angles.","analysis"
"Cleveland’s two-big lineup works best when Mobley is used as a passer and short-roll creator instead of standing near the paint without the ball.","analysis"
"Houston’s physical defense can wear teams down, but aggressive pressure also creates openings when the first defender gets beaten.","analysis"
"Golden State’s motion offense is effective because defenders must communicate through several screens during one possession instead of guarding a single pick-and-roll.","analysis"
"Switching every screen limits open threes, but it can also create rebounding problems when smaller defenders are forced to box out centers.","analysis"
"Drop coverage protects the rim, but elite pull-up shooters can punish it by taking open jumpers before the big man steps forward.","analysis"
"Small-ball lineups create offensive spacing, but they only work defensively when the smaller players rebound collectively.","analysis"
"A high three-point volume increases a team’s scoring ceiling, but it also creates more game-to-game variance when those shots stop falling.","analysis"
"Midrange scoring becomes more valuable in the playoffs because defenses are often willing to concede that area while protecting the rim and three-point line.","analysis"
"Offensive rebounding can be more valuable than transition defense when a team has enough size to create second chances without sending every player to the glass.","analysis"
"Turnovers are especially damaging against athletic teams because a live-ball turnover often becomes a transition layup before the defense can recover.","analysis"
"Bench scoring matters less than bench shot creation because playoff rotations still need someone who can organize the offense when the stars rest.","analysis"
"Regular-season depth helps teams survive injuries, but playoff success usually depends more on whether the top seven players fit together.","analysis"
"Defensive versatility is more valuable than having one elite specialist because playoff opponents will repeatedly target the weakest matchup.","analysis"
"Teams hunt mismatches late in games because switching removes movement from the offense and allows stars to attack a specific defender.","analysis"
"Corner threes are valuable not only because they are shorter, but because helping from the corner creates a difficult recovery for the defense.","analysis"
"Foul drawing is a form of offensive efficiency because free throws create points while also placing important defenders in foul trouble.","analysis"
"Late-game offense becomes stagnant when teams abandon their normal movement and rely entirely on isolation possessions.","analysis"
"A center who can pass from the short roll is one of the best answers to trapping because the defense must guard a four-on-three situation behind the trap.","analysis"
"Teams struggle against zone defense when they only pass around the perimeter instead of placing a playmaker near the free-throw line.","analysis"
"Transition defense begins with shot selection because difficult attempts near the rim can leave multiple offensive players behind the play.","analysis"
"A high assist total does not automatically mean an offense has strong ball movement because one player can dominate the ball and still create most of the assists.","analysis"
"Individual defense is difficult to evaluate through steals and blocks because positioning can prevent an opportunity before a statistic is recorded.","analysis"
"Championship teams usually need multiple decision-makers because one primary creator becomes easier to trap over a seven-game series.","analysis"
"Experience matters in the playoffs because veteran teams are usually quicker at recognizing which actions an opponent is trying to repeat.","analysis"
"Playoff basketball is heavily matchup-dependent because a roster weakness that is hidden during the regular season can be targeted on nearly every possession in a series.","analysis"
"NO WAY HE HIT THAT 😭","reaction"
"HE JUST SENT THAT SHOT INTO THE THIRD ROW.","reaction"
"THAT CROSSOVER WAS DISGUSTING.","reaction"
"BRO JUST ENDED HIS CAREER WITH THAT DUNK.","reaction"
"HOW DID HE EVEN MAKE THAT?","reaction"
"THAT WAS THE CLEANEST BLOCK I’VE EVER SEEN.","reaction"
"HE PULLED THAT FROM THE LOGO???","reaction"
"OH MY GOD, HE DROPPED HIM.","reaction"
"THAT PASS WAS ABSOLUTELY INSANE.","reaction"
"THEY REALLY BLEW A 20-POINT LEAD.","reaction"
"HE MISSED BOTH FREE THROWS 😭","reaction"
"WHAT A TERRIBLE CALL.","reaction"
"THAT WAS NOT A FOUL.","reaction"
"HOW IS THAT NOT A TRAVEL?","reaction"
"THE REFS ARE TAKING OVER THE GAME.","reaction"
"HE JUST HIT THE GAME-WINNER!","reaction"
"THEY LEFT HIM WIDE OPEN???","reaction"
"THAT DUNK WAS VIOLENT.","reaction"
"HE JUST POSTERIZED THE ENTIRE TEAM.","reaction"
"THAT STEP-BACK WAS SO COLD.","reaction"
"HE CANNOT MISS RIGHT NOW.","reaction"
"SOMEBODY GUARD HIM PLEASE.","reaction"
"THIS GAME IS ABSOLUTE CHAOS.","reaction"
"WHAT AM I WATCHING RIGHT NOW?","reaction"
"THAT FINISH WAS RIDICULOUS.","reaction"
"HE GOT BLOCKED BY THE RIM 😭","reaction"
"NO WAY THEY TURNED IT OVER AGAIN.","reaction"
"THAT WAS THE WORST POSSESSION I’VE EVER SEEN.","reaction"
"HE JUST THREW THE BALL AWAY FOR NO REASON.","reaction"
"WHY WOULD YOU TAKE THAT SHOT?","reaction"
"HE HAD A WIDE-OPEN LAYUP!","reaction"
"THAT ALLEY-OOP WAS PERFECT.","reaction"
"THE CROWD JUST WENT COMPLETELY SILENT.","reaction"
"THE BUILDING IS SHAKING RIGHT NOW.","reaction"
"HE JUST TOOK OVER THE ENTIRE GAME.","reaction"
"THAT DEFENSIVE POSSESSION WAS BEAUTIFUL.","reaction"
"HE GOT COOKED ON THAT PLAY.","reaction"
"THAT SPIN MOVE WAS NASTY.","reaction"
"HE JUST SPLIT THE DOUBLE-TEAM LIKE IT WAS NOTHING.","reaction"
"WHAT A COMEBACK!","reaction"
"THIS GAME SHOULD NOT BE THIS CLOSE.","reaction"
"THEY REALLY LOST ON THAT SHOT.","reaction"
"HE HIT THAT WITH A HAND IN HIS FACE.","reaction"
"THAT BOUNCE WAS SO LUCKY.","reaction"
"HE JUST MISSED A WIDE-OPEN DUNK.","reaction"
"THE BENCH REACTION MAKES IT EVEN BETTER.","reaction"
"THAT HAS TO BE THE PLAY OF THE NIGHT.","reaction"
"THIS ENDING IS UNBELIEVABLE.","reaction"
"DOUBLE OVERTIME??? I CAN’T HANDLE THIS.","reaction"
"THIS IS WHY I LOVE BASKETBALL.","reaction"
"Trade Jayson Tatum for a washing machine and Boston still makes the playoffs.","ragebait"
"Jokic is just a tall guy who throws fancy passes to wide-open teammates.","ragebait"
"Shai’s entire game is taking four steps and shooting free throws.","ragebait"
"LeBron has been stat-padding since the invention of color television.","ragebait"
"Curry ruined basketball by convincing everyone’s little brother to shoot from half court.","ragebait"
"Giannis would average 12 points if offensive fouls were actually called.","ragebait"
"Luka plays defense like he has somewhere else to be.","ragebait"
"Wembanyama is just Bol Bol with better marketing.","ragebait"
"Anthony Edwards is Michael Jordan without the winning, defense, or accomplishments.","ragebait"
"Brunson is a role player who accidentally became the first option.","ragebait"
"Embiid has more excuses than playoff wins that matter.","ragebait"
"Kevin Durant changes teams more often than people change phone cases.","ragebait"
"Devin Booker talks like Kobe and plays like the guy Kobe would yell at.","ragebait"
"Ja Morant’s best move is disappearing when his team needs him.","ragebait"
"The Celtics could replace half their roster with traffic cones and still win 50 games.","ragebait"
"The Lakers are a reality show that occasionally plays basketball.","ragebait"
"The Knicks win one important game and act like they completed a three-peat.","ragebait"
"Clippers fans are just Lakers fans who wanted cheaper tickets.","ragebait"
"The NBA should investigate anyone who willingly watches the Wizards.","ragebait"
"Zion’s greatest opponent has always been the team buffet.","ragebait"
"Trae Young is a traffic cone with unlimited shooting permission.","ragebait"
"Rudy Gobert wins defensive awards just to get hunted every postseason.","ragebait"
"Draymond Green would be working security if he had been drafted by Orlando.","ragebait"
"Klay Thompson has been living off one hot quarter for a decade.","ragebait"
"Kyrie’s handles have distracted everyone from how little he has accomplished without LeBron.","ragebait"
"Damian Lillard has released more songs than meaningful playoff victories.","ragebait"
"James Harden treats the playoffs like an unpaid internship.","ragebait"
"Paul George has more podcast episodes than memorable playoff performances.","ragebait"
"Kawhi Leonard is the greatest part-time employee in NBA history.","ragebait"
"Jimmy Butler changes his hairstyle more often than he tries in the regular season.","ragebait"
"LaMelo Ball plays every possession like he is filming a mixtape nobody requested.","ragebait"
"Tyrese Haliburton celebrates assists like he just ended world hunger.","ragebait"
"Donovan Mitchell is just an expensive first-round exit.","ragebait"
"Anthony Davis gets injured whenever someone breathes near his ankle.","ragebait"
"The Suns built a superteam and somehow forgot to include a point guard, defense, and depth.","ragebait"
"The Warriors’ young core is just a collection of players Curry has to babysit.","ragebait"
"The Heat have been running on culture because they ran out of talent.","ragebait"
"The 76ers’ championship window was actually a bathroom window.","ragebait"
"The Mavericks traded defense for vibes and expected nobody to notice.","ragebait"
"Oklahoma City has so many draft picks because even they do not trust their current roster.","ragebait"
"The Timberwolves celebrate playoff series wins like championship parades.","ragebait"
"Cleveland is only considered a contender because nobody watches their games.","ragebait"
"Sacramento ended one playoff drought and immediately started acting historic.","ragebait"
"Orlando’s offense looks like five strangers meeting at the gym for the first time.","ragebait"
"The Pelicans should relocate to a city where knees work properly.","ragebait"
"The Bulls have been rebuilding the same mediocre team since 1998.","ragebait"
"The Hawks should trade their entire roster for one player who knows what defense is.","ragebait"
"NBA defense did not disappear—the players just realized nobody wants to watch effort.","ragebait"
"Half the league’s “superstars” are just regular players with high usage rates.","ragebait"
"Your favorite player would be a benchwarmer in the 1990s.","ragebait"
